{"branches": 38.96907216494846, "coverage": 49.105011933174225}