{"branches": 52.32876712328767, "coverage": 74.50301204819277}