{"branches": 88.80597014925374, "coverage": 96.25167336010709}