{"branches": 52.32876712328767, "coverage": 74.40601503759399}