{"branches": 88.80597014925374, "coverage": 96.31614199598124}