{"branches": 88.80597014925374, "coverage": 92.32251847092836}