{"branches": 53.13351498637602, "coverage": 76.60747091243111}