{"branches": 88.80597014925374, "coverage": 93.98692810457516}