{"branches": 52.32876712328767, "coverage": 74.4021657392089}