{"branches": 52.32876712328767, "coverage": 74.39446366782006}