{"branches": 86.23188405797102, "coverage": 89.99687402313224}