{"branches": 86.23188405797102, "coverage": 89.97179567533689}