{"branches": 88.80597014925374, "coverage": 94.66754443712969}