{"branches": 86.23188405797102, "coverage": 90.09404388714734}