{"branches": 53.116531165311656, "coverage": 76.65345931118561}