{"branches": 52.32876712328767, "coverage": 75.0834597875569}